quantity,value,unit
seismic_moment_final,148173200000000.0,N.m
moment_magnitude_Mw,3.4171797734381864,-
peak_moment_rate,813522500000000.5,N.m/s
time_of_peak_moment_rate,0.18,s
energy_output_interval,0.01,s
moment_T05,0.05865814557329793,s
moment_T90,0.27398470173347245,s
moment_T95,0.29987540257648954,s
moment_duration,0.2412172570031916,s
corner_frequency_half_amplitude,2.5977454901787262,Hz
corner_frequency_omega2_fit,2.0799769878361594,Hz
spectral_dc_amplitude,148338833600000.0,N.m
brune_source_radius,370.32111253278083,m
static_stress_drop,1276474.960403138,Pa
assumed_Vs,2600.0,m/s
assumed_rho,2500.0,kg/m3
shear_modulus_rho_Vs2,16900000000.0,Pa
effective_rigidity_M0_over_potency,7195713648.153374,Pa
potency_final,20591.87,m3
e_breakdown_final,7454920000.0,J
g_c,17303.588146151982,J/m2
e_wave_final,33571219000.0,J
apparent_stress,3828989.3253300865,Pa
total_elements,1357042.0,-
total_dr_faces,44607.0,-
n_lts_clusters,13.0,-
wall_clock_time,13102.7,s
mean_gflops_rank0,195.25451,GFLOP/s
