name,n_vertices,n_triangles,centroid_x,centroid_y,centroid_z,x_min,x_max,y_min,y_max,depth_top_m,depth_bottom_m,depth_range_m,strike_deg,dip_deg,dip_dir_deg,extent_strike_m,extent_dip_m,area_m2,area_km2
Bob Bauer,123,178,104239.7,357559.18,-2072.62,104014.71,104340.64,357417.23,357637.73,1871.3,2261.5,390.2,238.5,81.4,328.5,420.6,326.4,171075.5,0.171076
Bob Will,288,476,104823.72,357089.68,-1817.43,104483.79,105169.42,356947.75,357346.31,1435.9,2178.1,742.1,101.3,72.7,191.3,830.4,845.0,1029300.8,1.029301
CCS2,555,922,104651.39,357401.05,-1822.75,104048.25,105424.09,357152.36,357505.64,1407.5,2257.4,849.9,84.9,82.4,174.9,1380.5,790.4,1980366.2,1.980366
CCS2 splinter,211,298,104553.96,357382.34,-1666.59,104266.32,104877.45,357120.91,357575.34,1360.0,1914.1,554.1,270.5,52.9,0.5,769.7,644.9,661035.3,0.661035
Cluster,98,150,104040.94,358318.7,-2091.71,103817.8,104236.2,358217.55,358391.39,1888.1,2286.7,398.6,286.9,80.4,16.9,467.4,402.2,335047.1,0.335047
Dameon,122,180,104683.21,357916.54,-2066.82,104536.45,104887.04,357843.02,357988.65,1883.0,2263.5,380.4,77.8,77.2,167.8,371.3,412.0,244398.4,0.244398
Dwight,132,194,103753.46,357690.78,-2001.62,103530.88,103913.15,357521.19,357896.86,1762.3,2247.5,485.2,255.6,59.8,345.6,600.8,415.4,422473.2,0.422473
Fault interpretation 1,119,174,104879.14,356410.74,-1909.21,104655.61,105103.43,356252.26,356569.36,1603.1,2165.6,562.6,185.7,50.8,275.7,696.5,319.2,381462.6,0.381463
Fault interpretation 2,210,292,104695.45,356552.02,-1781.24,104603.18,104795.17,356286.1,356743.43,1485.0,2135.3,650.3,351.5,75.7,81.5,674.7,490.4,546639.3,0.546639
Graham,110,170,104255.37,357989.61,-2053.03,104041.0,104477.8,357902.67,358098.72,1841.1,2265.7,424.6,257.3,72.7,347.3,503.0,466.1,376180.7,0.376181
Hannes,726,1292,105290.59,356921.2,-1839.14,105072.59,105571.69,356216.5,357644.91,1367.5,2319.4,951.8,183.2,72.9,273.2,1438.5,954.4,2814814.6,2.814815
Jared,246,372,105101.06,356507.15,-1907.07,104971.66,105248.71,356147.99,356899.07,1585.9,2207.6,621.7,176.5,73.5,266.5,843.8,615.3,824796.9,0.824797
John McBride,370,612,104950.31,357681.75,-1880.74,104560.26,105388.67,357466.69,357895.7,1498.0,2238.4,740.4,82.7,71.0,172.7,902.6,845.9,1263377.2,1.263377
Marcia,118,172,104517.09,357544.91,-2039.34,104240.25,104812.21,357410.65,357657.29,1872.1,2182.1,310.0,85.8,54.5,175.8,582.9,380.8,349247.6,0.349248
Marsteller,403,606,104880.5,356569.31,-1865.22,104503.33,105303.73,356458.68,356760.6,1507.7,2250.9,743.2,109.3,86.0,199.3,928.1,780.7,1139494.5,1.139495
Michael,168,268,104577.79,357970.05,-1969.02,104369.06,104861.76,357918.78,358034.17,1775.3,2231.9,456.7,258.6,86.1,348.6,562.0,517.9,416563.4,0.416563
Nick,150,232,104590.33,357860.69,-1744.41,104365.89,104853.71,357744.86,357940.35,1524.9,1886.5,361.6,275.5,64.9,5.5,523.5,484.0,327195.2,0.327195
Ozgur,102,146,104392.45,357120.03,-2018.65,104275.44,104512.3,356916.54,357255.31,1730.8,2268.6,537.8,34.4,86.1,124.4,533.2,370.3,310050.3,0.31005
Rob,148,234,104451.85,357622.11,-2031.18,104261.09,104657.25,357540.24,357683.71,1849.4,2268.1,418.6,76.1,85.5,166.1,424.1,410.5,273255.9,0.273256
Sallie,178,248,104514.52,357745.72,-2033.26,104194.96,104836.96,357591.65,357880.26,1853.5,2228.1,374.7,246.6,88.8,336.6,701.7,374.6,499964.8,0.499965
Sherliyn,380,628,104243.77,356637.46,-1882.48,103796.56,104646.79,356516.9,356824.11,1514.8,2275.4,760.6,279.3,80.4,9.3,987.8,792.5,1300246.9,1.300247
Si-Yong,477,766,104623.96,357909.6,-1816.06,104290.45,105059.2,357754.51,358035.05,1335.3,2172.1,836.9,87.0,74.3,177.0,1061.5,778.2,1216527.4,1.216527
Splinter,225,356,104576.74,356830.67,-1616.06,104392.44,104858.72,356408.35,357133.28,1363.5,1986.0,622.5,216.6,62.9,306.6,852.5,684.1,772996.6,0.772997
Steve,243,360,104279.64,357816.79,-2023.53,103886.41,104611.42,357765.08,357885.22,1769.5,2260.2,490.7,261.6,89.1,351.6,728.0,494.5,642100.2,0.6421
Valerie,154,240,104036.69,357663.45,-1937.42,103841.09,104256.97,357538.94,357809.42,1678.8,2201.3,522.5,59.2,86.0,149.2,569.3,563.6,451123.2,0.451123
Wade,230,320,104463.31,356567.45,-1919.63,104247.68,104660.84,356260.82,356828.1,1634.8,2257.3,622.6,33.9,78.8,123.9,783.8,620.7,703009.7,0.70301
Wayne,90,134,105023.92,358447.02,-2047.69,104976.28,105111.17,358252.52,358645.23,1828.3,2258.8,430.5,165.5,87.0,255.5,493.6,456.7,328120.5,0.32812
Zaluski,507,780,104463.94,357547.8,-1831.74,103883.73,104914.28,357144.29,357790.67,1519.7,2120.8,601.1,92.1,46.7,182.1,1073.0,879.1,1584323.1,1.584323
