profilingId,localId,layerType,size,dynamicRuptureSize,rank,localRank
13,0,Copy,0,0,0,0
0,0,Interior,2,1,0,0
14,1,Copy,0,0,0,0
1,1,Interior,16,9,0,0
15,2,Copy,0,0,0,0
2,2,Interior,41,14,0,0
16,3,Copy,0,0,0,0
3,3,Interior,92,23,0,0
17,4,Copy,0,0,0,0
4,4,Interior,1456,86,0,0
18,5,Copy,0,0,0,0
5,5,Interior,23353,1701,0,0
19,6,Copy,0,0,0,0
6,6,Interior,208787,14421,0,0
20,7,Copy,0,0,0,0
7,7,Interior,628203,20478,0,0
21,8,Copy,0,0,0,0
8,8,Interior,258326,2,0,0
22,9,Copy,0,0,0,0
9,9,Interior,58621,0,0,0
23,10,Copy,0,0,0,0
10,10,Interior,38129,0,0,0
24,11,Copy,0,0,0,0
11,11,Interior,25566,0,0,0
25,12,Copy,0,0,0,0
12,12,Interior,1860,0,0,0
